#,Team,Name,Goals,Big chances missed,Successful dribbles %,Total shots,Headed goals,Set piece conversion %
1,,Jack Byrne,0.17,0,67.86,0.87,0,0
2,,Tiernan McGinty,1,0,0,1,0,0
3,,Cian Byrne,0,0,100,0.75,0,0
4,,Ben Doherty,0.15,0.12,56.25,1.06,0,0
5,,Michael Duffy,0.32,0.14,32.56,2.09,0.05,0
6,,William Patching,0.24,0.03,55,1.69,0,0
7,,Harry Wood,0.14,0.07,64.29,3,0,0
8,,Daryl Horgan,0.27,0,40,1.27,0,0
9,,Roberto Lopes,0.06,0,100,0.71,0.06,0
10,,Rory Gaffney,0.24,0.18,58.54,2.21,0.06,0
11,,Jordan Flores,0.17,0.03,75,2.07,0,0.56
12,,Paul McMullan,0,0,27.78,0.92,0,0
13,,Tiernan Brooks,0,0,0,0,0,0
14,,Graham Burke,0.39,0.03,42.42,2.94,0,0
15,,Lee Grace,0.15,0,87.5,1.19,0.15,0
16,,Neil Farrugia,0.15,0.04,58.11,1.52,0.07,0
17,,Max Mata,0.48,0.26,46.43,2.43,0.22,0
18,,Dean Lyness,0,0,0,0,0,0
19,,Christopher Forrester,0.36,0.08,60.53,2.08,0.06,0
20,,Brian Maher,0,0,100,0,0,0
21,,Vladislav Kreida,0,0,100,0.18,0,0
22,,Joe Redmond,0.15,0,100,0.65,0.1,0
23,,Matthew Healy,0.13,0,66.67,0.69,0,0
24,,Richard Brush,0,0,0,0,0,0
25,,Conor Kearns,0,0,100,0,0,0
26,,Jack Moylan,0.42,0.25,53.33,2.64,0,0
27,,Sean Boyd,0.4,0,28.57,1.3,0.2,0
28,,Jonathan Afolabi,0.44,0.26,54.55,2.62,0.06,0
29,,Ruairi Keating,0.38,0.18,51.35,2.47,0.06,0
30,,Pat Hoban,0.41,0.18,35.71,2.12,0.24,0
31,,Dayle Rooney,0.15,0,55.26,2.42,0.03,0
32,,Connor Malley,0.09,0.06,73.58,0.73,0.03,0
33,,Jason McClelland,0.17,0.09,59.26,1.26,0.04,0
34,,Freddie Draper,0.38,0.33,52.63,3.05,0.14,0
35,,Cameron McJannett,0.07,0,60,0.7,0.07,0
36,,Matt Ward,0.33,0.33,100,1.33,0,0
37,,Alistair Coote,0.2,0.03,57.58,1.3,0,0
38,,Keith Buckley,0,0,66.67,0.22,0,0
39,,Sean Hoare,0.05,0,78.57,1,0.05,0
40,,Adam McDonnell,0.09,0.03,61.54,1.33,0,0
41,,Brandon Kavanagh,0.17,0,72.73,0.97,0.03,0
42,,Daniel Lafferty,0.13,0,100,0.69,0.06,0
43,,Alan Mannus,0,0,0,0,0,0
44,,Archie Davies,0,0,61.04,0.71,0,0
45,,Andy Boyle,0.06,0,100,0.28,0.06,0
46,,Adam Foley,0.24,0.07,46.67,1.31,0.07,0
47,,Markus Poom,0.1,0.1,57.14,1.1,0.03,0
48,,Dan Cleary,0,0.03,65.22,0.45,0,0
49,,Gavin Molloy,0.04,0.04,62.5,0.78,0.04,0
50,,Dylan Watts,0.1,0,63.64,0.86,0,0.79
51,,Ciaran Coll,0.04,0,66.67,0.3,0.04,0
52,,Darragh Crowley,0.18,0,62.5,0.53,0,0
53,,Keith Ward,0.05,0.05,66.67,0.85,0.05,0
54,,Jordan McEneff,0.27,0,81.82,1.2,0.03,0
55,,Krystian Nowak,0.03,0,50,0.52,0.03,0
56,,Gary O'Neill,0,0,50,0.39,0,0
57,,Fabrice Hartmann,0.17,0,54.29,2.04,0,0
58,,Shane McEleney,0,0,100,0.16,0,0
59,,Leon Pohls,0,0,0,0,0,0
60,,James Clarke,0.16,0.03,57.14,1.22,0,0
61,,Colm Whelan,0.67,0,25,0.67,0.33,0
62,,David Norman,0,0,0,0.38,0,0
63,,Mark Connolly,0,0.06,100,0.31,0,0
64,,Paddy Barrett,0.08,0,0,0.88,0.08,0
65,,Luke Byrne,0,0,75,0.22,0,0
66,,James McManus,0.08,0,25,0.58,0,0
67,,John-Alan McGrath,0.04,0,66.67,0.3,0,0
68,,Aaron Greene,0.33,0,0,0.94,0.06,0
69,,Sam Curtis,0.09,0.03,66.67,0.65,0.06,0
70,,Jonas Hakkinen,0.06,0,100,0.29,0.06,0
71,,Trevor Clarke,0.25,0,58.06,1.35,0,0
72,,Jake Mulraney,0.21,0.14,53.49,1.41,0,0.69
73,,Jonathan Lunney,0.03,0,63.16,0.6,0,0
74,,Conor Keeley,0.03,0.12,100,0.88,0,0
75,,Ryan Brennan,0.14,0.1,71.43,1.03,0,0
76,,Greg Bolger,0.03,0,22.22,0.52,0,0
77,,Ben Worman,0,0,54.55,1.45,0,0
78,,Darragh Markey,0.03,0.06,49.09,0.97,0,0
79,,Ben Curtis,0,0,0,0,0,0
80,,Jamie Lennon,0,0,63.16,1.26,0,0
81,,Kailin Barlow,0.09,0,52.17,1.21,0,0
82,,Conan Noonan,0,0.17,100,0.33,0,0
83,,Garry Buckley,0,0,100,0.45,0,0
84,,Kieran Cruise,0.33,0.33,33.33,1,0,0
85,,Kacper Radkowski,0.03,0,100,0.35,0,0
86,,Matthew Smith,0.21,0.11,29.63,1.42,0,0
87,,Mark Coyle,0.04,0,72.73,0.7,0,0
88,,Patrick McEleney,0.05,0.05,70.59,1.05,0,0
89,,Emmanuel Adegboyega,0.05,0.09,100,0.86,0.05,0
90,,Noah Lewis,0.12,0,42.86,0.59,0.12,0
91,,Richie Towell,0.19,0.08,100,1.62,0.04,0
92,,Daniel Grant,0.17,0,38.46,2.25,0.08,0
93,,Paul Doyle,0.12,0,77.78,0.44,0,0
94,,Will Jarvis,0.25,0.17,50,1.25,0,0
95,,Darragh Leahy,0,0,75,0.33,0,0
96,,Louie Annesley,0.14,0,100,0.29,0,0
97,,Liam Burt,0.06,0,64.29,1.13,0,0
98,,William Fitzgerald,0.04,0.04,48.15,0.93,0,0
99,,Euclides Cabral,0.2,0,33.33,0.6,0,0
100,,Bartlomiej Kukułowicz,0,0,66.67,0.67,0,0
101,,Justin Ferizaj,0,0,0,0,0,0
102,,Nando Pijnaker,0,0,72.73,0.97,0,0
103,,Luke McNicholas,0,0,0,0.04,0,0
104,,Gary Deegan,0,0,83.33,0.59,0,0
105,,Cameron Dummigan,0,0,100,0.5,0,0
106,,Darragh Nugent,0,0,25,0.63,0,0
107,,Barry Coffey,0.04,0.07,80,0.89,0,3.57
108,,Ben McCormack,0.05,0.09,44.44,0.59,0,0
109,,Hayden Muller,0.03,0,53.85,0.3,0.03,0
110,,Ronan Finn,0.06,0,25,0.35,0,0
111,,Andriy Kravchuk,0,0,80,0.78,0,0
112,,Danny Mullen,0.25,0.08,50,1.58,0.17,0
113,,Evan Caffrey,0.06,0.06,63.64,0.83,0,0.31
114,,Nathan Shepperd,0,0,0,0,0,0
115,,Declan McDaid,0.13,0.03,53.85,1,0.03,0
116,,John Ross Wilson,0.07,0,62.5,0.41,0,0
117,,Daniel Kelly,0.3,0.11,30.77,1,0.04,0
118,,Mark Doyle,0.22,0.13,46.15,1.22,0.06,0
119,,Johan Brannefalk,0,0,54.55,0.44,0,0
120,,Jay Benn,0,0,0,0,0,0
121,,Sam Todd,0,0,0,0.4,0,0
122,,Ronan Boyce,0.06,0.06,40,0.42,0.03,0
123,,James Talbot,0,0,0,0,0,0
124,,Ryan O'Kane,0.09,0.06,64.58,0.85,0,0
125,,Tyreke Wilson,0,0.03,38.89,0.55,0,0
126,,Sean Gannon,0,0,75,0.4,0,0
127,,Kyle Robinson,0.14,0.07,42.86,0.82,0,0
128,,Joe O'Brien Whitmarsh,0.17,0.09,50,0.87,0.04,0
129,,Conor Carty,0.15,0.06,70.59,1.09,0.03,0
130,,Elicha Ahui,0.05,0,53.57,0.35,0,0
131,,Sadou Diallo,0,0,73.08,0.63,0,0
132,,Ryan Graydon,0.09,0.04,46.75,0.83,0,0
133,,John Martin,0.19,0.13,47.83,1.13,0.06,3.13
134,,Jamie McGonigle,0.21,0.08,25,1.83,0.04,0
135,,Kian Leavy,0.1,0,70.27,0.4,0,0
136,,Johannes Yli-Kokko,0.11,0.04,55.56,0.82,0,0
137,,Robert McCourt,0,0,80,0.31,0,0
138,,Robbie Benson,0.07,0.07,50,0.71,0.07,0
139,,James Corcoran,0,0,0,0,0,0
140,,Jad Hakiki,0,0,61.54,0.76,0,0
141,,Paddy Kirk,0.07,0,64.29,0.7,0,0
142,,Sam Durrant,0.2,0.2,40,0.7,0,0
143,,Simon Power,0.2,0.2,0,2.2,0,0
144,,Shane Griffin,0.08,0.04,77.78,0.15,0,0
145,,Cian Coleman,0,0.06,80,0.74,0,0
146,,Reece Hutchinson,0.04,0,57.5,0.5,0,0
147,,Niall Morahan,0.03,0,47.06,0.45,0,0
148,,James Akintunde,0.05,0.05,59.26,0.84,0,0
149,,Anto Breslin,0,0,69.57,0.08,0,0
150,,Adam O'Reilly,0.04,0.04,62.07,0.75,0,0
151,,Stefan Radosavljević,0.16,0.06,41.18,0.81,0,0
152,,Rokas Stanulevicius,0,0,60,1.2,0,0
153,,Conor Kane,0,0,58.33,0.27,0,0
154,,Cameron Elliott,0.04,0.22,33.33,0.91,0,0
155,,Pedro Martelo,0.08,0.17,50,1.92,0,0
156,,Mark Dignam,0.09,0,71.43,0.82,0,0
157,,Ciaran Behan,0.07,0,58.54,0.93,0,0.42
158,,Johnny Kenny,0.17,0.2,71.43,2.1,0.03,0
159,,Shane Farrell,0,0.09,50,0.39,0,0
160,,Tom Lonergan,0.13,0.1,33.33,0.9,0.03,0
161,,Naj Razi,0,0,50,0.33,0,0
162,,Oran Crowe,0,0,0,0.67,0,0
163,,Jamie Egan,0.2,0,0,0.4,0,0
164,,John O'Sullivan,0.05,0,50,0.63,0,0
165,,Mason Melia,0.2,0.1,60,0.3,0,0
166,,Ola Williams,0,0,100,0.36,0,0
167,,Colin McCabe,0,0,100,0,0,0
168,,Sean Kavanagh,0,0,45.45,0.44,0,0
169,,Adam Murphy,0.03,0.03,55,0.38,0,0
170,,Andrew Wogan,0,0,100,0,0,0
171,,Lukas Browning Lagerfeldt,0.04,0,66.67,0.74,0,0
172,,Gregory Sloggett,0,0.04,76.92,0.74,0,0
173,,Dean Williams,0.19,0.06,0,0.44,0,0
174,,Kevin Custovic,0.08,0,66.67,0.46,0.04,0
175,,Alfie Lewis,0,0,68.75,0.2,0,0
176,,Danu Kinsella Bishop,0.19,0.13,44.44,1.1,0,0
177,,Andrew Quinn,0,0,62.5,0.06,0,0
178,,Thijs Timmermans,0,0,75,0.33,0,0
179,,Cian Bargary,0.04,0.08,44.19,0.84,0,0
180,,Sami Clarke,0.08,0,71.43,0.42,0,0
181,,Eoin Doyle,0.19,0.14,21.43,1.19,0,0
182,,Aaron McNally,0.09,0,53.85,0.5,0,0
183,,Albin Winbo,0,0,0,0.43,0,0
184,,Cian Kavanagh,0.07,0.11,0,0.74,0.04,0
185,,Rayhaan Tulloch,0.26,0.16,46.34,1.63,0.11,0
186,,Warren Davis,0.05,0.11,33.33,0.53,0,0
187,,Joshua Honohan,0,0.03,66.67,0.33,0,0
188,,Rhys Bartley,0,0,0,0,0,0
189,,Bogdan Vastsuk,0,0,40,1.63,0,0
190,,Jaden Umeh,0,0,0,1,0,0
191,,Evan McLaughlin,0,0,0,0.33,0,0
192,,Aaron Bolger,0,0.03,50,0.39,0,0
193,,John Mahon,0,0,0,0.15,0,0
194,,Ethon Varian,0.08,0,60,0.31,0.08,0
195,,Tunde Owolabi,0.14,0.14,36.84,1.07,0,0
196,,Dara Keane,0,0,55.56,0.68,0,0
197,,Cian Murphy,0.05,0.1,50,0.52,0,0
198,,Kristopher Twardek,0,0.11,58.82,0.58,0,0
199,,Colin Bolton,0,0,0,0.4,0,0
200,,Jack Keaney,0,0,83.33,0.62,0,0
201,,Adam Verdon,0,0,60,0.71,0,0
202,,Daniel Krezić,0.06,0.06,55.56,0.72,0,0
203,,Jaze Kabia,0,0,50,0.56,0,0
204,,Evan Weir,0.04,0.08,50,0.5,0.04,0
205,,Dylan Connolly,0,0.07,34.62,0.68,0,0
206,,Tom Grivosti,0,0,100,0.38,0,0
207,,Oliver O'Neill,0.05,0.05,15,1.37,0,0
208,,Luke Heeney,0,0.04,46.15,0.29,0,0
209,,David Toure,0,0,100,0,0,0
210,,Kameron Ledwidge,0,0,14.29,0.16,0,0
211,,Dylan Grimes,0.11,0.11,50,0.74,0,0
212,,Gbemi Arubi,0,0,0,0.13,0,0
213,,Kian Moore,0,0,0,0,0,0
214,,Jake Doyle,0.1,0,57.14,0.52,0.03,0
215,,Eanna Clancy,0.06,0.06,66.67,0.53,0,0
216,,Ryan McLaughlin,0,0,0,0,0,0
217,,Ally Gilchrist,0,0.1,100,0.43,0,0
218,,David Cawley,0,0.04,60,0.61,0,0
219,,Darren Brownlie,0,0.14,0,0.14,0,0
220,,Axel Sjoberg,0,0,90,0,0,0
221,,Brian McManus,0,0,33.33,0.18,0,0
222,,Michael Leddy,0,0,0,0.21,0,0
223,,Matthew O'Brien,0,0,66.67,0.78,0,0
224,,Ryan Bowden,0,0,100,0.33,0,0
225,,Joshua Fitzpatrick,0,0,100,0,0,0
226,,Luke O'Regan,0,0,42.86,0,0,0
227,,Matthew Alonge,0.2,0,0,0.4,0,0
228,,Frank Liivak,0,0.06,46,1.03,0,0
229,,Adam Wells,0.06,0,68.75,0.23,0,0
230,,Grant Horton,0.05,0,66.67,0.5,0.05,0
231,,Sean Brennan,0,0,36.84,1.23,0,0
232,,Jarlath Jones,0,0,50,0.29,0,0
233,,Serge Atakayi,0,0.1,66.67,0.3,0,0
234,,Gordon Walker,0,0.05,77.78,0.3,0,0
235,,Oliver Byrne,0,0,0,0.1,0,0
236,,Mikey Raggett,0.1,0.1,40,1,0,0
237,,Callum McKay,0,0,0,0,0,0
238,,Sean Patton,0,0,0,0,0,0
239,,Daniel McCarthy,0,0,0,0,0,0
240,,Kyle Donoghue,0,0,0,0,0,0
241,,Harry Curtis,0,0,100,0,0,0
242,,Senan Mullen,0,0,0,0.25,0,0
243,,Donal Higgins,0,0,75,0.61,0,0
244,,John O'Donovan,0,0,42.86,0.2,0,0
245,,Robbie Burton,0,0,50,0.43,0,0
246,,Divine Izekor,0,0,85.71,0.6,0,0
247,,Daniel Norris,0,0,36,0.47,0,0
248,,Harry O'Connor,0,0,66.67,0.08,0,0
249,,Harry Brockbank,0,0,0,0.17,0,0
250,,Brendan Barr,0,0,54.17,0.28,0,0
251,,Conor Walsh,0,0,0,0,0,0
252,,Harvey O'Brien,0,0.11,25,0.32,0,0
253,,Toby Oluwayemi,0,0,0,0,0,0
254,,Anthony Dodd,0,0,0,0,0,0
255,,Karl O'Sullivan,0,0,30.77,0.14,0,0
256,,Alex Nolan,0.03,0.03,39.39,0.62,0,0
257,,Michael Gallagher,0.05,0,50,0.27,0,0
258,,David Odumosu,0,0,0,0,0,0
259,,Malik Dijksteel,0,0.13,55.56,0.75,0,0
260,,Nickson Okosun,0,0.5,0,0.5,0,0
261,,Owen Elding,0,0,0,0,0,0
262,,Conor Drinan,0,0,44.44,0.5,0,0
263,,Luke Slater,0,0,0,0.2,0,0
264,,Jesse Dempsey,0,0,33.33,0.19,0,0
265,,Andrew Baker,0,0,0,0,0,0
266,,Lorcan Healy,0,0,0,0,0,0
267,,Evan Osam,0,0,57.14,0,0,0
268,,Sam Bailey,0,0,0,0,0,0
269,,Emre Topçu,0,0,33.33,0.2,0,0
270,,James Finnerty,0,0,0,0,0,0
271,,Daniel Babb,0,0,60,0.1,0,0
272,,Daniel Moynihan,0,0,0,0,0,0
273,,Harry Fisk,0,0,0,0,0,0
274,,Christian Lotefa,0,0,0,1,0,0
275,,Conor Campbell,0,0,0,0,0,0
276,,Luke O'Donnell,0,0,0,0,0,0
277,,Conor Reynolds,0,0,0,0,0,0
278,,Callum Warren,0,0,0,0,0,0
