Name,Goals,Big chances missed,Successful dribbles %,Total shots,Headed goals,Set piece conversion %,Tackles,Interceptions,Penalty committed,Clearances,Errors lead to goal,Dribbled past,Big chances created,Assists,Total passes,Accurate passes %,Accurate final third passes,Accurate long balls %,Saves,Clean sheets,Penalties faced,Penalties saved,Goals conceded inside the box,Goals conceded outside the box,Yellow cards,Red cards,Aerial duels won %,Total duels won %,Was fouled,Fouls,Appearances
Jack Byrne,0.17,0,67.86,0.87,0,0,0.43,0.39,0,0.13,0,0.22,0.3,0.3,56.43,79.58,17.57,57.99,0,0.09,0,0,0.52,0.22,0.13,0,0,43.48,0.91,0.35,23
Tiernan McGinty,1,0,0,1,0,0,0,0,0,0,0,0,0,0,0,0,0,0,0,0,0,0,0,0,0,0,0,0,0,0,1
Cian Byrne,0,0,100,0.75,0,0,0.75,1,0,2,0,0.25,0.25,0,59.25,81.01,4.75,68.42,0,0.5,0,0,0.25,0.25,0,0,64.29,69.57,0.75,0.25,4
Ben Doherty,0.15,0.12,56.25,1.06,0,0,1.41,1.47,0,0.74,0,0.5,0.12,0.26,43.29,73.85,10.74,43.52,0,0.41,0,0,0.56,0.09,0.21,0,52.5,56.1,1.5,1.12,34
Michael Duffy,0.32,0.14,32.56,2.09,0.05,0,0.82,0.27,0,0.73,0,0.59,0.27,0.27,25.45,75.36,8.5,50,0,0.23,0,0,0.32,0.09,0.05,0,38.3,43.6,1.14,0.59,22
William Patching,0.24,0.03,55,1.69,0,0,0.83,0.41,0,0.38,0,0.28,0.21,0.24,32.72,83.25,9.83,65.52,0,0.24,0,0,0.45,0,0.07,0,35.48,46.3,1,0.72,29
Harry Wood,0.14,0.07,64.29,3,0,0,0.64,0.07,0,0.36,0,0.43,0.5,0.5,35.79,71.46,10.36,52.17,0,0.14,0,0,0.43,0.29,0.14,0,35,42.73,0.93,0.64,14
Daryl Horgan,0.27,0,40,1.27,0,0,0.55,0.27,0,0.27,0,0.18,0.27,0.18,26.55,78.77,8.91,58.33,0,0,0,0,0.82,0.09,0.18,0,0,38.89,0.55,0.36,11
Roberto Lopes,0.06,0,100,0.71,0.06,0,1.16,1.68,0,3.45,0.03,0.19,0,0,56.68,82.36,3.55,43.6,0,0.52,0,0,0.39,0.16,0.06,0.03,69.79,71.11,0.65,0.42,31
Rory Gaffney,0.24,0.18,58.54,2.21,0.06,0,0.36,0.03,0,0.15,0,0.06,0.18,0.24,20.09,76.02,7.76,78.46,0,0.12,0,0,0.45,0.09,0.03,0,42.86,36.84,0.36,1,33
Jordan Flores,0.17,0.03,75,2.07,0,0.56,1.8,0.8,0,0.93,0,0.73,0.13,0.13,46.77,74.7,10.33,52.91,0,0.23,0,0,0.83,0.23,0.2,0.03,53.7,55.4,0.47,0.9,30
Paul McMullan,0,0,27.78,0.92,0,0,0.92,0.25,0,0.42,0,0.75,0.5,0.42,21.92,73.76,8.67,40,0,0.25,0,0,0.42,0,0.17,0,50,40.58,0.58,0.67,12
Tiernan Brooks,0,0,0,0,0,0,0,0.33,0,1.33,0,0,0,0,33,47.47,3.33,34.62,3,0.33,0,0,0,0.67,0,0,0,100,0.33,0,3
Graham Burke,0.39,0.03,42.42,2.94,0,0,0.32,0.19,0,0.1,0,0.26,0.06,0.06,30.48,87.09,10.77,76.36,0,0.03,0,0,0.42,0.13,0.23,0.03,23.08,42.11,1.61,0.68,31
Lee Grace,0.15,0,87.5,1.19,0.15,0,1.15,1.33,0,1.52,0,0.22,0,0.07,64,83.74,7.26,50,0,0.56,0,0,0.44,0.22,0.22,0.04,72.12,64.53,0.7,1.11,27
Neil Farrugia,0.15,0.04,58.11,1.52,0.07,0,2.11,0.96,0,1.22,0,0.41,0.19,0.15,27.78,81.73,9.37,58.62,0,0.33,0,0,0.56,0.19,0.22,0,62.5,51.14,0.74,1.56,27
Max Mata,0.48,0.26,46.43,2.43,0.22,0,0.39,0.13,0,0.91,0,0.26,0.04,0.04,23.48,61.67,7.91,36.36,0,0.04,0,0,0.96,0.26,0.09,0,46.1,44,1.04,1,23
Dean Lyness,0,0,0,0,0,0,0,0,0,0.9,0.03,0.06,0,0.03,27.39,56.65,0.9,33.02,3.13,0.39,0.1,0,0.74,0.29,0,0,77.78,73.33,0.23,0,31
Christopher Forrester,0.36,0.08,60.53,2.08,0.06,0,1.06,0.67,0,0.58,0,0.67,0.11,0.11,41.22,80.05,12.06,55.43,0,0.28,0,0,0.86,0.22,0.17,0,50,48.95,1,0.67,36
Brian Maher,0,0,100,0,0,0,0,0,0,1.08,0.03,0,0.03,0,40.33,69.01,1.78,46.48,2.25,0.5,0.14,0.03,0.58,0.08,0.06,0,66.67,88.89,0.11,0,36
Vladislav Kreida,0,0,100,0.18,0,0,1.55,1.55,0,0.45,0,0.64,0.18,0.18,37.73,80.24,6.64,52.31,0,0.18,0,0,0.82,0.27,0.36,0,54.55,51.67,0.64,1.27,11
Joe Redmond,0.15,0,100,0.65,0.1,0,0.5,0.7,0,3.95,0,0.1,0,0.1,58.75,78.81,5.35,41.2,0,0.45,0,0,0.95,0.15,0.15,0,67.07,64.91,0.35,0.5,20
Matthew Healy,0.13,0,66.67,0.69,0,0,1.25,1.38,0,1,0,0.38,0.25,0.06,41.25,74.09,7.19,43.45,0,0.06,0,0,1.38,0.25,0,0.06,54.55,52.69,0.75,0.88,16
Richard Brush,0,0,0,0,0,0,0,0.2,0,2,0,0.2,0,0,25.6,41.41,2.6,28.85,2,0.6,0,0,0.6,0.2,0,0,100,75,0.2,0,5
Conor Kearns,0,0,100,0,0,0,0,0,0,0.6,0,0.06,0,0,28.77,43.5,2.57,27.5,2.71,0.4,0.06,0.03,0.49,0.23,0.06,0,100,90.48,0.34,0,35
Jack Moylan,0.42,0.25,53.33,2.64,0,0,0.72,0.25,0,0.25,0,0.31,0.06,0.06,15.89,68.01,4.94,56.67,0,0.14,0,0,0.36,0.25,0.06,0,19.64,43.18,1.72,0.92,36
Sean Boyd,0.4,0,28.57,1.3,0.2,0,0.8,0,0,1.3,0,0.1,0.1,0.1,13.4,50,2.4,33.33,0,0,0,0,0.3,0.2,0.4,0,47.73,45.74,1.3,1.7,10
Jonathan Afolabi,0.44,0.26,54.55,2.62,0.06,0,0.29,0.06,0,0.26,0,0.03,0.06,0.15,12.41,73.93,5.18,50,0,0.18,0,0,0.85,0.09,0.09,0,37.04,37.72,1.32,1.88,34
Ruairi Keating,0.38,0.18,51.35,2.47,0.06,0,0.41,0.29,0,0.82,0,0.18,0.12,0.09,17.91,54.35,3.74,21.62,0,0.18,0,0,1.18,0.32,0.24,0,44.35,42.66,1.18,1.35,34
Pat Hoban,0.41,0.18,35.71,2.12,0.24,0,0.24,0.06,0,0.5,0,0.15,0.15,0.18,20.5,58.11,5.35,42.59,0,0.03,0,0,0.79,0.12,0.15,0,53.9,46.15,0.91,0.88,34
Dayle Rooney,0.15,0,55.26,2.42,0.03,0,0.91,0.58,0,0.52,0,0.88,0.36,0.24,21.36,63.69,6.76,36.56,0,0.18,0,0,1.24,0.18,0.12,0,27.27,35.66,0.67,1.03,33
Connor Malley,0.09,0.06,73.58,0.73,0.03,0,1.48,0.7,0,0.52,0,0.48,0.18,0.09,37.64,82.77,10.61,70.14,0,0.18,0,0,0.94,0.12,0.18,0,56.1,57.79,1.24,1.15,33
Jason McClelland,0.17,0.09,59.26,1.26,0.04,0,0.83,0.35,0,0.22,0,0.61,0.17,0.13,13.96,71.65,4.48,47.37,0,0,0,0,0.3,0.26,0.04,0,41.18,48.15,1.04,0.43,23
Freddie Draper,0.38,0.33,52.63,3.05,0.14,0,0.48,0.1,0,0.62,0,0.38,0.24,0.14,15.43,51.85,3.9,55.56,0,0.14,0,0,0.95,0.19,0.24,0.05,32.92,34.5,1.71,2.43,21
Cameron McJannett,0.07,0,60,0.7,0.07,0,0.87,1,0,3.17,0.03,0.17,0.03,0.03,62.67,79.36,6.33,50,0,0.4,0,0,0.53,0.07,0.1,0.03,64.71,66.35,1.2,0.57,30
Matt Ward,0.33,0.33,100,1.33,0,0,0.67,0,0,0,0,0.33,0,0,4,83.33,0.67,100,0,0,0,0,0.67,0,0.33,0,100,75,0.33,0.33,3
Alistair Coote,0.2,0.03,57.58,1.3,0,0,0.73,0.27,0,0.17,0,0.33,0.17,0.17,22.57,80.65,9.03,60.42,0,0.07,0,0,0.53,0.03,0.07,0,22.73,43.56,0.83,0.6,30
Keith Buckley,0,0,66.67,0.22,0,0,2.56,1.15,0,1.52,0,0.85,0,0.04,47.3,77.76,9.56,57.92,0,0.22,0,0,0.93,0.19,0.3,0,51.43,57.21,0.81,1.15,27
Sean Hoare,0.05,0,78.57,1,0.05,0,0.91,0.68,0.05,1.64,0,0.41,0.05,0.05,52.77,80.19,8.23,48.69,0,0.45,0,0,0.32,0.05,0.05,0.05,76.19,60.96,0.45,1.18,22
Adam McDonnell,0.09,0.03,61.54,1.33,0,0,1.85,1.15,0,0.91,0,0.45,0,0.03,30.7,78.48,6.52,53.96,0,0.15,0,0,0.82,0.18,0.36,0,58.82,57.64,1,1.33,33
Brandon Kavanagh,0.17,0,72.73,0.97,0.03,0,0.14,0.31,0,0.28,0,0.1,0.14,0.21,16.38,81.47,4.52,50,0,0.07,0,0,0.24,0.03,0.07,0,20,44.62,0.55,0.28,29
Daniel Lafferty,0.13,0,100,0.69,0.06,0,1.19,1.56,0,1.44,0,0.19,0,0,29.94,71.19,3.81,40.2,0,0.06,0,0,0.75,0.19,0.13,0,68.18,70.18,0.25,0.38,16
Alan Mannus,0,0,0,0,0,0,0,0,0,0.57,0,0,0,0,22.43,68.02,0.57,38.61,2.3,0.48,0.04,0,0.52,0.22,0.09,0,80,80,0,0,23
Archie Davies,0,0,61.04,0.71,0,0,1.83,0.94,0,1.46,0,0.54,0.4,0.23,42.66,72.07,9.34,49.59,0,0.26,0,0,1.11,0.14,0.2,0,53.45,54.57,1.4,1.26,35
Andy Boyle,0.06,0,100,0.28,0.06,0,1.17,1.44,0,2.83,0.06,0.17,0,0,54.06,74.41,4.28,44.75,0,0.28,0,0,0.94,0.11,0.11,0,82.35,73.33,0.83,0.72,18
Adam Foley,0.24,0.07,46.67,1.31,0.07,0,1.34,0.62,0,0.55,0,0.52,0.1,0.14,17.86,54.44,4.28,29.82,0,0.1,0,0,1.03,0.1,0.21,0,48.57,52.11,0.66,0.83,29
Markus Poom,0.1,0.1,57.14,1.1,0.03,0,0.97,0.83,0,0.73,0,0.4,0.07,0.2,43.1,83.45,8.67,49.61,0,0.33,0,0,0.4,0.13,0.1,0,63.16,50,0.33,0.9,30
Dan Cleary,0,0.03,65.22,0.45,0,0,0.9,1.39,0.03,2.81,0,0.23,0.16,0.03,54.71,80.78,9.06,41.42,0,0.45,0,0,0.45,0.23,0.26,0.03,76.92,59.22,0.94,1.16,31
Gavin Molloy,0.04,0.04,62.5,0.78,0.04,0,1.19,1.3,0,2.96,0,0.59,0,0,54.52,81.79,4.22,46.7,0,0.37,0,0,0.48,0.26,0.19,0,65.28,58.06,0.89,0.96,27
Dylan Watts,0.1,0,63.64,0.86,0,0.79,1.19,0.29,0,0.48,0,0.48,0.05,0.1,34.48,81.49,8.43,45.57,0,0.05,0,0,0.48,0.1,0.14,0,50,49.54,0.67,0.76,21
Ciaran Coll,0.04,0,66.67,0.3,0.04,0,0.85,0.85,0.04,1.44,0,0.26,0,0.04,42.96,80.43,5.78,48.9,0,0.33,0,0,0.48,0,0.07,0,63.75,64.05,0.63,0.41,27
Darragh Crowley,0.18,0,62.5,0.53,0,0,1.47,1.29,0,1.06,0,0.71,0.12,0.06,22.71,69.17,2.71,31.51,0,0.12,0,0,1.24,0.24,0.12,0,71.43,61.54,1,0.53,17
Keith Ward,0.05,0.05,66.67,0.85,0.05,0,0.2,0.2,0,0.2,0,0.3,0.1,0.15,14.8,81.76,5.45,59.26,0,0,0,0,0.65,0,0.05,0,50,48.94,0.4,0.3,20
Jordan McEneff,0.27,0,81.82,1.2,0.03,0,0.73,0.17,0,0.23,0,0.13,0.03,0.03,13.1,74.81,3.27,62.22,0,0.03,0,0,0.27,0,0.1,0,40,50.82,0.63,0.77,30
Krystian Nowak,0.03,0,50,0.52,0.03,0,1,1.13,0,3.39,0,0.23,0.06,0.03,47.65,77.86,2.61,41.88,0,0.32,0,0,0.97,0.13,0.03,0,52.63,54.72,0.48,0.81,31
Gary O'Neill,0,0,50,0.39,0,0,1.46,0.68,0,0.82,0,0.32,0.04,0.04,57.57,90.32,11.07,63.16,0,0.39,0,0,0.57,0.21,0.14,0,40.91,58.33,0.64,0.71,28
Fabrice Hartmann,0.17,0,54.29,2.04,0,0,0.39,0.17,0,0.17,0,0.17,0.04,0.09,19.7,72.63,5.61,41.86,0,0.09,0,0,0.7,0.3,0.3,0,30.77,46.1,0.87,0.87,23
Shane McEleney,0,0,100,0.16,0,0,0.56,0.84,0.03,2.94,0,0.22,0,0,51.16,82.04,3.28,59.43,0,0.41,0,0,0.44,0.09,0.09,0.03,60.98,59.4,0.28,0.41,32
Leon Pohls,0,0,0,0,0,0,0,0,0,0.27,0,0,0,0,18.47,65.34,1.07,26.77,1.6,0.53,0.07,0.07,0.53,0.13,0,0,0,100,0.07,0,15
James Clarke,0.16,0.03,57.14,1.22,0,0,1.41,0.38,0,0.31,0,0.25,0.13,0.13,22.34,76.92,7.47,54.9,0,0.03,0,0,0.53,0.06,0.13,0,42.11,50.57,1.63,1.19,32
Colm Whelan,0.67,0,25,0.67,0.33,0,0,0,0,0,0,0,0,0,4,50,1.67,33.33,0,0,0,0,0.33,0,0,0,25,21.43,0.33,0.33,3
David Norman,0,0,0,0.38,0,0,0.63,1.38,0,2.38,0,0.25,0,0,50,83,2,50.88,0,0.38,0,0,0.75,0.13,0.13,0,53.85,60.98,0.75,0.25,8
Mark Connolly,0,0.06,100,0.31,0,0,0.75,0.63,0,1.5,0,0,0,0,32.75,77.48,2.63,55.8,0,0.19,0,0,0.44,0.06,0.19,0,69.23,71.01,1.06,0.81,16
Paddy Barrett,0.08,0,0,0.88,0.08,0,0.85,0.69,0.04,3.46,0,0.42,0.04,0,48.73,80.43,5.62,53.19,0,0.27,0,0,0.58,0.23,0.19,0.04,66.67,48.85,0.62,1.23,26
Luke Byrne,0,0,75,0.22,0,0,0.94,0.78,0,4.11,0,0.33,0.06,0,31.89,79.27,1.83,50.98,0,0.39,0,0,0.39,0.11,0.22,0,64.52,55.81,0.44,0.89,18
James McManus,0.08,0,25,0.58,0,0,1.63,1.17,0,0.71,0,0.5,0.04,0.04,37.13,79.69,10.5,53.33,0,0.21,0,0,0.63,0.08,0.21,0,55,49.59,0.38,1.13,24
John-Alan McGrath,0.04,0,66.67,0.3,0,0,1.04,0.85,0,3.56,0,0.22,0.04,0.04,39.74,71.3,3.04,35.78,0,0.26,0,0,0.56,0.33,0.26,0.04,72.86,64.96,0.3,0.89,27
Aaron Greene,0.33,0,0,0.94,0.06,0,0.44,0.11,0,0.06,0,0.22,0,0,8.56,79.87,3,88.89,0,0,0,0,0.17,0,0.11,0,38.46,35,0.44,0.56,18
Sam Curtis,0.09,0.03,66.67,0.65,0.06,0,2.18,1.21,0,1.21,0,0.38,0.03,0.03,37.97,69.56,6.29,30.37,0,0.29,0,0,0.91,0.26,0.21,0.03,56.32,63.41,2,1.24,34
Jonas Hakkinen,0.06,0,100,0.29,0.06,0,1.06,0.88,0,4.18,0,0.35,0,0,37.88,75.62,2.06,43.59,0,0.24,0,0,1,0.47,0.12,0,57.58,65.79,0.65,0.29,17
Trevor Clarke,0.25,0,58.06,1.35,0,0,0.8,0.65,0,0.6,0,0.05,0.05,0.15,20.9,73.21,5.45,30.61,0,0.15,0,0,0.5,0.1,0.25,0,38.46,54.55,1.65,0.5,20
Jake Mulraney,0.21,0.14,53.49,1.41,0,0.69,0.9,0.28,0,0.1,0,0.55,0.07,0.1,15.34,78.88,5.24,51.52,0,0.07,0,0,0.66,0.14,0.07,0.07,19.23,48.73,1.48,0.86,29
Jonathan Lunney,0.03,0,63.16,0.6,0,0,1.69,1.2,0,0.83,0,0.6,0,0.03,47.66,86.21,8,60.24,0,0.26,0,0,0.46,0.26,0.14,0,62.96,57.07,0.83,0.86,35
Conor Keeley,0.03,0.12,100,0.88,0,0,0.64,1.24,0,4.91,0,0.24,0.03,0.06,30.12,60.26,3.21,32.38,0,0.24,0,0,1.21,0.15,0.15,0.03,72.22,71.18,1.03,0.48,33
Ryan Brennan,0.14,0.1,71.43,1.03,0,0,1.34,0.45,0.03,1.14,0.03,0.93,0.1,0.1,24.72,69.18,5.34,44.19,0,0.14,0,0,0.93,0.14,0.28,0,47.62,52.06,1.38,1.17,29
Greg Bolger,0.03,0,22.22,0.52,0,0,2.32,1.1,0,0.84,0,0.71,0.03,0.03,37,74.8,7.71,46.07,0,0.03,0,0,0.94,0.19,0.32,0,70.37,57.49,0.84,1.23,31
Ben Worman,0,0,54.55,1.45,0,0,1.18,0.45,0,0.27,0,0.73,0.27,0.18,19.18,72.99,5.18,65,0,0.09,0,0,0.64,0,0,0,44.44,36.36,0.09,1.64,11
Darragh Markey,0.03,0.06,49.09,0.97,0,0,1.61,0.48,0,0.24,0,1.12,0.21,0.12,31.55,74.64,10,50.6,0,0.15,0,0,1.06,0.18,0.12,0,25,45.32,1.91,1,33
Ben Curtis,0,0,0,0,0,0,2,1,0,2,0,0.5,0,0,13.5,70.37,1,37.5,0,0.5,0,0,0,0,0,0,50,71.43,0,0,2
Jamie Lennon,0,0,63.16,1.26,0,0,2.32,0.87,0,0.87,0,0.84,0.03,0.13,41.23,76.84,9,45.6,0,0.26,0,0,0.77,0.16,0.29,0.03,41.18,50,1.26,1.81,31
Kailin Barlow,0.09,0,52.17,1.21,0,0,0.55,0.45,0,0.24,0,0.27,0.12,0.12,14.21,67.8,3.88,48.21,0,0,0,0,0.58,0.18,0.18,0.03,30.77,48.21,1.7,0.76,33
Conan Noonan,0,0.17,100,0.33,0,0,0.5,0.33,0,0.17,0,0.17,0.17,0,18.5,90.09,5.5,55.56,0,0.17,0,0,0,0,0,0,100,47.06,0.5,0.83,6
Garry Buckley,0,0,100,0.45,0,0,0.91,1.82,0.09,2.64,0,0.64,0,0,47.09,78.96,5.27,59.63,0,0.27,0,0,1.18,0.18,0.27,0,80,67.74,1.27,0.55,11
Kieran Cruise,0.33,0.33,33.33,1,0,0,1,0.33,0,0.33,0,1.33,0,0,18.33,72.73,2.67,16.67,0,0.33,0,0,0,0,0,0,66.67,45,0.33,0.67,3
Kacper Radkowski,0.03,0,100,0.35,0,0,0.65,1.47,0.03,4.41,0,0.26,0,0,50.5,79.85,2,45.54,0,0.32,0,0,0.97,0.18,0.15,0,55.06,53.29,0.38,0.79,34
Matthew Smith,0.21,0.11,29.63,1.42,0,0,1.58,0.32,0,0.16,0,0.53,0.05,0,19,71.75,5.63,30,0,0.16,0,0,0.42,0.11,0.42,0,37.5,45,1.79,1.89,19
Mark Coyle,0.04,0,72.73,0.7,0,0,1.56,0.96,0,0.74,0,0.59,0,0.04,40.59,83.21,5.56,47.62,0,0.11,0,0,0.37,0.22,0.37,0,62.96,55.84,1.59,1.63,27
Patrick McEleney,0.05,0.05,70.59,1.05,0,0,0.85,0.5,0,0.4,0,0.7,0,0,37.1,79.51,8.25,65.96,0,0.15,0,0,0.25,0.05,0.1,0,52.94,52.38,0.85,0.7,20
Emmanuel Adegboyega,0.05,0.09,100,0.86,0.05,0,2.05,1.23,0.05,3.45,0,0.18,0.05,0.05,24.05,58.03,2.14,35.8,0,0.14,0,0,1.05,0.18,0.32,0.05,59.68,65,0.91,1.05,22
Noah Lewis,0.12,0,42.86,0.59,0.12,0,1.29,1.35,0.06,2.94,0,0.47,0,0,41.59,76.8,2.71,36.56,0,0.18,0,0,0.94,0.41,0.24,0,82.46,64,0.53,1.24,17
Richie Towell,0.19,0.08,100,1.62,0.04,0,0.35,0.31,0,0.58,0,0.46,0.08,0.04,19.85,82.17,6.73,46.88,0,0.12,0,0,0.38,0.19,0.23,0.04,34.62,35.48,0.46,0.77,26
Daniel Grant,0.17,0,38.46,2.25,0.08,0,0.92,0.25,0,0.17,0,0.42,0,0,15.33,77.72,4.83,73.33,0,0,0,0,0.67,0,0,0,40,39.39,0.33,0.58,12
Paul Doyle,0.12,0,77.78,0.44,0,0,0.96,0.44,0,0.16,0,0.28,0.08,0.12,19.56,79.14,3.96,48.72,0,0,0,0,0.6,0.12,0.12,0,41.67,53.92,0.76,0.68,25
Will Jarvis,0.25,0.17,50,1.25,0,0,1.17,0.08,0,0.33,0,0.42,0.08,0,20.75,80.32,5.67,62.5,0,0,0,0,0.33,0.33,0.08,0,0,50.86,2.08,0.67,12
Darragh Leahy,0,0,75,0.33,0,0,1.21,0.96,0.04,1.33,0,0.5,0.21,0.17,40.33,71.07,8.04,36.09,0,0.21,0,0,1.04,0.04,0.13,0,54.1,57.96,0.96,0.67,24
Louie Annesley,0.14,0,100,0.29,0,0,0.43,0.86,0,2.71,0,0,0,0,46.5,74.65,4.14,36.72,0,0.29,0,0,0.64,0.21,0.43,0,69.7,56.52,0.64,1.36,14
Liam Burt,0.06,0,64.29,1.13,0,0,0.69,0.13,0,0.25,0,0.19,0.06,0.06,11.31,70.72,4.44,53.33,0,0,0,0,0.13,0.13,0.06,0,28.57,54.17,1.06,0.56,16
William Fitzgerald,0.04,0.04,48.15,0.93,0,0,1.54,0.46,0,0.39,0,0.29,0.14,0.11,25.96,79.78,8.32,53.57,0,0.11,0,0,1,0.32,0.14,0,40.43,51.87,1.32,0.96,28
Euclides Cabral,0.2,0,33.33,0.6,0,0,0.2,1,0,0.8,0,0,0,0,22.4,81.25,4.2,50,0,0,0,0,0.2,0.2,0.2,0,25,27.27,0.4,1.4,5
Bartlomiej Kukułowicz,0,0,66.67,0.67,0,0,0.89,0.89,0,0.78,0.11,0.11,0,0.11,42.78,75.58,8.33,56.25,0,0.11,0,0,0.78,0.11,0.11,0,71.43,63.64,0.67,0.44,9
Justin Ferizaj,0,0,0,0,0,0,0.75,0,0,0,0,0.25,0,0,5.25,76.19,2.75,0,0,0,0,0,0,0,0,0,0,33.33,0,0.75,4
Nando Pijnaker,0,0,72.73,0.97,0,0,1.34,1.28,0.03,2.94,0,0.28,0,0,46.53,72.33,4.19,46.59,0,0.06,0,0,1,0.28,0.22,0,70.33,62.73,0.78,1.06,32
Luke McNicholas,0,0,0,0.04,0,0,0,0,0,0.92,0.04,0,0,0,33.46,61.15,2.04,37.55,2.73,0.12,0.19,0.04,1.12,0.27,0.04,0,100,88.89,0.15,0.04,26
Gary Deegan,0,0,83.33,0.59,0,0,2.03,1.71,0,1.12,0.03,0.85,0,0,40.85,80.63,7.5,49.38,0,0.26,0,0,1.35,0.15,0.15,0.03,50.94,55.12,0.88,1.03,34
Cameron Dummigan,0,0,100,0.5,0,0,2.06,0.88,0,0.44,0,0.44,0,0.06,35.06,79.14,5.88,48.98,0,0.38,0,0,0.44,0.13,0.38,0,72.22,58.7,0.38,0.94,16
Darragh Nugent,0,0,25,0.63,0,0,1.89,0.26,0,0.42,0,0.16,0,0,13.53,78.6,2.95,25,0,0.16,0,0,0.21,0.11,0.11,0,63.64,61.05,0.68,0.89,19
Barry Coffey,0.04,0.07,80,0.89,0,3.57,1.54,0.43,0,0.54,0,0.32,0.04,0,21.57,70.7,3,42.25,0,0.04,0,0,0.79,0.25,0.07,0,43.75,54.82,0.61,0.68,28
Ben McCormack,0.05,0.09,44.44,0.59,0,0,0.45,0.18,0,0.32,0,0.14,0.18,0.18,12.45,74.45,3.45,48.15,0,0.05,0,0,0.41,0.09,0.14,0,22.22,47.44,0.86,0.41,22
Hayden Muller,0.03,0,53.85,0.3,0.03,0,1.06,0.88,0,1.94,0.03,0.06,0.03,0.03,38.3,75.79,4.94,46.32,0,0.24,0,0,0.85,0.15,0.24,0,74.14,62.91,0.33,1.03,33
Ronan Finn,0.06,0,25,0.35,0,0,1.35,0.35,0,0.35,0,0.47,0.12,0.06,17.71,80.4,5.59,35,0,0,0,0,0.06,0.12,0.29,0.06,45.45,50.72,0.35,1.12,17
Andriy Kravchuk,0,0,80,0.78,0,0,1.78,0.78,0,1,0,1,0.11,0,30.89,79.14,5.89,38.71,0,0.22,0,0,1.33,0.33,0,0,36.36,42.67,1,2.22,9
Danny Mullen,0.25,0.08,50,1.58,0.17,0,0.25,0.17,0,0.08,0,0.08,0,0.08,9.92,65.55,3.25,20,0,0,0,0,0.17,0,0.08,0,42.11,35.85,0.42,0.92,12
Evan Caffrey,0.06,0.06,63.64,0.83,0,0.31,0.61,0.69,0,0.42,0,0.31,0,0.06,24.11,76.96,5.36,40,0,0.17,0,0,0.39,0.14,0.08,0,46.67,49.61,0.78,0.64,36
Nathan Shepperd,0,0,0,0,0,0,0.08,0,0,0.92,0,0.17,0,0,34.39,55.65,2.31,38.75,2.28,0.28,0.11,0.03,1.08,0.14,0.06,0,83.33,69.57,0.25,0,36
Declan McDaid,0.13,0.03,53.85,1,0.03,0,0.71,0.19,0,0.32,0,0.29,0.13,0.13,11.84,76.57,4.06,36.67,0,0,0,0,0.48,0.13,0.03,0,0,41.18,0.65,0.77,31
John Ross Wilson,0.07,0,62.5,0.41,0,0,0.85,0.63,0,1.44,0,0.37,0.04,0.04,28.07,70.98,4.26,34.25,0,0.33,0,0,0.44,0.07,0.11,0,65.31,60.47,0.7,0.59,27
Daniel Kelly,0.3,0.11,30.77,1,0.04,0,0.52,0.33,0.04,0.19,0,0.41,0.04,0.07,14.67,75.76,4.04,58.06,0,0.04,0,0,0.81,0.04,0.26,0,25.71,34.27,0.67,0.85,27
Mark Doyle,0.22,0.13,46.15,1.22,0.06,0,1.06,0.44,0,0.38,0,0.47,0.03,0,13.22,65.96,2.94,43.75,0,0.09,0,0,0.53,0.06,0.06,0,47.73,47.39,0.84,0.72,32
Johan Brannefalk,0,0,54.55,0.44,0,0,0.91,1.06,0.03,0.91,0,0.22,0.13,0.13,31.09,64.82,7.03,36.32,0,0.03,0,0,0.91,0.22,0.28,0,54.55,52.23,0.97,1.03,32
Jay Benn,0,0,0,0,0,0,1.63,1,0,1.88,0,0.75,0,0,29.5,70.34,7.25,45.28,0,0.13,0,0,0.38,0.13,0.25,0,50,46.34,0.38,1,8
Sam Todd,0,0,0,0.4,0,0,0.6,0,0,1.4,0,0,0,0,13.2,81.82,1.8,62.5,0,0,0,0,0,0,0,0,60,66.67,0,0.2,5
Ronan Boyce,0.06,0.06,40,0.42,0.03,0,1.29,0.87,0,0.87,0,0.29,0.03,0,27.06,74.73,5.32,34.78,0,0.29,0,0,0.48,0.1,0.19,0.03,50.91,56.37,1.26,1,31
James Talbot,0,0,0,0,0,0,0.06,0.03,0,0.67,0.06,0,0,0,26.06,59.7,1.97,30.48,2.14,0.33,0.03,0,0.92,0.19,0.06,0,75,83.33,0.22,0,36
Ryan O'Kane,0.09,0.06,64.58,0.85,0,0,0.68,0.21,0,0.12,0,0.21,0.09,0,10.47,75.28,3.21,53.33,0,0.06,0,0,0.53,0.12,0,0,36.84,50,0.59,0.35,34
Tyreke Wilson,0,0.03,38.89,0.55,0,0,1.09,0.3,0,0.91,0,0.33,0.03,0.09,33.12,78.32,6.52,45.16,0,0.18,0,0,0.36,0.18,0.27,0,47.5,56.74,1.18,0.79,33
Sean Gannon,0,0,75,0.4,0,0,1.8,0.6,0,1.2,0,0.1,0,0,17.8,72.47,3,28.57,0,0,0,0,0.5,0.1,0.3,0,55.56,57.69,0.4,1.4,10
Kyle Robinson,0.14,0.07,42.86,0.82,0,0,0.29,0.04,0,0.29,0,0.14,0.07,0,6.14,58.72,1.61,55.56,0,0,0,0,0.57,0.04,0.32,0,32.65,33.64,0.36,0.79,28
Joe O'Brien Whitmarsh,0.17,0.09,50,0.87,0.04,0,1.04,0.35,0,0.17,0.04,0.43,0.04,0.04,12.17,68.21,2.61,44.74,0,0.04,0,0,0.65,0.13,0.04,0,30.77,48.6,0.7,0.39,23
Conor Carty,0.15,0.06,70.59,1.09,0.03,0,0.32,0.15,0,0.18,0,0.32,0.12,0.03,7.41,68.65,2.53,33.33,0,0,0,0,0.41,0.15,0.12,0,41.94,38.2,0.56,1.18,34
Elicha Ahui,0.05,0,53.57,0.35,0,0,1.7,1.55,0,1.95,0,0.45,0.05,0,28.15,54.17,4.9,25.4,0,0.2,0,0,1.05,0.15,0.2,0,47.5,57.78,1.8,1.1,20
Sadou Diallo,0,0,73.08,0.63,0,0,1.07,1.27,0.03,0.63,0,0.57,0,0,45.57,85.08,9.2,69.54,0,0.17,0,0,0.4,0.1,0.33,0.03,52.94,48.37,0.67,1,30
Ryan Graydon,0.09,0.04,46.75,0.83,0,0,0.7,0.48,0,0.7,0,0.48,0.17,0.17,17.22,64.9,5.7,26.09,0,0.17,0,0,0.52,0.13,0.17,0,63.16,47.58,0.78,1.39,23
John Martin,0.19,0.13,47.83,1.13,0.06,3.13,0.69,0.22,0,0.22,0,0.38,0.03,0,11.63,64.25,3.75,45.45,0,0.03,0,0,0.41,0.13,0.06,0,50,43.75,0.63,1.16,32
Jamie McGonigle,0.21,0.08,25,1.83,0.04,0,0.25,0.13,0.04,0.13,0,0.17,0.04,0,8.67,69.23,2.5,80,0,0.04,0,0,0.33,0.08,0.08,0,38.71,36.61,0.79,0.92,24
Kian Leavy,0.1,0,70.27,0.4,0,0,0.9,0.2,0,0.3,0,0.4,0.1,0,17.8,82.02,5.55,53.57,0,0.1,0,0,0.3,0,0,0,12.5,45.64,1.1,0.75,20
Johannes Yli-Kokko,0.11,0.04,55.56,0.82,0,0,1.39,0.43,0,0.39,0,0.54,0,0,21,81.97,5.18,44.68,0,0,0,0,0.75,0.11,0.14,0,25.93,49.49,1.5,1,28
Robert McCourt,0,0,80,0.31,0,0,0.77,0.54,0,0.54,0,0.23,0.23,0.23,23.23,70.86,3.77,41.86,0,0,0,0,0.69,0.08,0.15,0,53.33,47.17,0.23,0.85,13
Robbie Benson,0.07,0.07,50,0.71,0.07,0,1.79,0.71,0,0.57,0,0.36,0,0,23.07,81.73,6.21,68.18,0,0.07,0,0,0.64,0.07,0.21,0.14,66.67,58.89,1.07,1.21,14
James Corcoran,0,0,0,0,0,0,0.1,0,0,0.75,0,0,0,0,29.1,42.61,2.05,29.03,2.65,0.25,0.05,0,1.35,0.2,0,0,100,100,0.2,0,20
Jad Hakiki,0,0,61.54,0.76,0,0,0.81,0.48,0,0.19,0,0.24,0.05,0.1,11.81,82.26,3.19,38.46,0,0.05,0,0,0.1,0.05,0.14,0,41.18,52.76,1.29,0.43,21
Paddy Kirk,0.07,0,64.29,0.7,0,0,1.07,0.73,0,1.27,0,0.47,0.03,0.03,36.83,68.33,6.6,44.62,0,0.27,0,0,0.73,0.2,0.23,0,44.83,49.54,0.73,0.73,30
Sam Durrant,0.2,0.2,40,0.7,0,0,0.6,0,0,0,0,0.1,0,0,10,78,4,50,0,0.1,0,0,0.6,0,0.1,0,33.33,45.16,0.3,0.7,10
Simon Power,0.2,0.2,0,2.2,0,0,1,0,0,0,0,0,0,0,10.2,74.51,4.6,100,0,0.2,0,0,0.2,0,0,0,25,31.82,0.2,1,5
Shane Griffin,0.08,0.04,77.78,0.15,0,0,1,0.85,0,1.38,0,0.46,0,0,44.38,80.33,5.12,46.41,0,0.23,0,0,0.42,0.31,0.23,0,59.09,54.11,0.77,0.69,26
Cian Coleman,0,0.06,80,0.74,0,0,1.23,1.03,0,4.26,0.03,0.19,0.03,0.03,33.19,70.07,1.77,37.8,0,0.16,0,0,1.42,0.32,0.13,0.03,56.2,58.09,0.97,1.13,31
Reece Hutchinson,0.04,0,57.5,0.5,0,0,1.36,0.89,0,1.07,0,0.46,0.11,0.07,39.18,74.57,8.57,46.82,0,0.18,0,0,1.07,0.21,0.21,0,65.38,53.48,0.82,0.82,28
Niall Morahan,0.03,0,47.06,0.45,0,0,1.42,1.36,0.03,1.27,0,0.64,0,0.03,32.88,76.13,5.39,41.98,0,0.12,0,0,0.82,0.21,0.21,0,56,49.32,0.79,1.55,33
James Akintunde,0.05,0.05,59.26,0.84,0,0,0.53,0.05,0,0.16,0,0.05,0.05,0,14.47,78.91,5.63,75,0,0.05,0,0,0.26,0.21,0.11,0,40,48.15,1.05,0.95,19
Anto Breslin,0,0,69.57,0.08,0,0,1.36,0.92,0.03,1.72,0,0.47,0.08,0.06,34.67,71.39,6.72,32.34,0,0.36,0,0,0.92,0.22,0.08,0,50,56.78,0.86,0.64,36
Adam O'Reilly,0.04,0.04,62.07,0.75,0,0,1.39,0.93,0,0.68,0,0.43,0.04,0.04,30.68,78.93,7.21,39.56,0,0.29,0,0,0.57,0.07,0.25,0.04,31.25,50.96,1.39,1.14,28
Stefan Radosavljević,0.16,0.06,41.18,0.81,0,0,0.65,0.13,0,0.19,0,0.42,0.03,0,15.06,80.94,4.1,66.67,0,0.03,0,0,0.68,0.16,0.1,0,52.94,44.35,0.48,0.55,31
Rokas Stanulevicius,0,0,60,1.2,0,0,1.2,1.6,0,0.6,0,0.2,0,0,25,79.2,2.8,65.22,0,0,0,0,0.8,0.4,0.2,0,75,43.33,0.2,2.6,5
Conor Kane,0,0,58.33,0.27,0,0,1.27,1.64,0,1.64,0,0.36,0.18,0,32,67.9,5.09,34.29,0,0.36,0,0,1.27,0.18,0,0,50,64.29,0.73,0.09,11
Cameron Elliott,0.04,0.22,33.33,0.91,0,0,0.43,0.13,0,0.3,0,0.13,0.04,0.17,8.57,70.05,3.17,71.43,0,0,0,0,0.3,0,0.04,0,26.53,36.29,0.83,1.04,23
Pedro Martelo,0.08,0.17,50,1.92,0,0,0,0,0,0.17,0,0.17,0,0,13,66.03,3.42,54.55,0,0.17,0,0,0.92,0.08,0.08,0,57.69,39.47,0.92,1.83,12
Mark Dignam,0.09,0,71.43,0.82,0,0,1.82,0.64,0,1.09,0,0.55,0,0.09,22.27,73.47,5.27,44.44,0,0.18,0,0,1.18,0.45,0,0,37.5,51.9,0.64,0.36,11
Ciaran Behan,0.07,0,58.54,0.93,0,0.42,1.23,0.97,0,0.73,0,0.87,0.03,0.07,17.77,62.85,3.33,34.69,0,0.1,0,0,1.83,0.33,0.03,0,26.67,46.21,1.5,0.8,30
Johnny Kenny,0.17,0.2,71.43,2.1,0.03,0,0.43,0.07,0,0.43,0,0.2,0.07,0.03,6.67,73.5,2.2,54.55,0,0.03,0,0,0.33,0.13,0.13,0.03,42.31,43.57,0.7,0.7,30
Shane Farrell,0,0.09,50,0.39,0,0,0.73,0.3,0,0.55,0,0.36,0.12,0.12,19.58,72.45,4.55,48.51,0,0.12,0,0,0.3,0.18,0.12,0.03,30.77,62.5,1.79,0.42,33
Tom Lonergan,0.13,0.1,33.33,0.9,0.03,0,0.42,0.1,0,0.19,0,0.16,0.03,0.06,6.39,60.1,1.48,66.67,0,0,0,0,0.45,0.06,0.03,0.03,35,43.92,1.03,0.9,31
Naj Razi,0,0,50,0.33,0,0,1,0,0,0.67,0,0.33,0,0,33.67,89.11,7,50,0,0.33,0,0,0,0,0,0,0,45.45,1.67,0.67,3
Oran Crowe,0,0,0,0.67,0,0,1.33,0.67,0,0.33,0,0.67,0,0,12,69.44,0.67,100,0,0,0,0,1,0.67,0,0,50,52.94,0.67,1,3
Jamie Egan,0.2,0,0,0.4,0,0,0.4,1.4,0,5,0,0,0,0,16.6,60.24,1.2,41.67,0,0,0,0,2.2,0.4,0,0,75,83.33,0.4,0,5
John O'Sullivan,0.05,0,50,0.63,0,0,0.42,0.16,0,0.05,0,0,0.05,0,7.32,71.94,2.63,30.77,0,0,0,0,0.16,0.05,0.05,0,33.33,52.17,0.11,0.37,19
Mason Melia,0.2,0.1,60,0.3,0,0,0.3,0.1,0,0,0,0.4,0,0,4.9,69.39,1.2,100,0,0,0,0,0.3,0.1,0.1,0,40,40.63,0.5,0.5,10
Ola Williams,0,0,100,0.36,0,0,1,0.73,0,2.36,0,0.27,0,0,42.55,71.58,3.18,37.5,0,0.27,0,0,1.18,0.09,0.36,0.09,75,66.18,1,0.91,11
Colin McCabe,0,0,100,0,0,0,0,0.06,0,0.67,0.11,0.06,0,0,33.72,35.42,3.61,31.92,2.72,0.22,0.06,0,1.06,0.22,0.06,0,100,83.33,0.11,0,18
Sean Kavanagh,0,0,45.45,0.44,0,0,0.84,0.32,0,0.64,0,0.32,0.08,0.08,37.4,77.22,7.52,44.38,0,0.16,0,0,0.44,0.12,0.32,0,37.5,44.68,0.4,0.72,25
Adam Murphy,0.03,0.03,55,0.38,0,0,1.21,0.72,0,0.34,0,0.62,0.03,0.1,15.66,74.01,4.07,41.46,0,0.1,0,0,0.41,0.14,0.21,0,32,44.74,0.48,0.55,29
Andrew Wogan,0,0,100,0,0,0,0,0,0.06,0.83,0,0,0,0,29.06,31.36,3.17,26.24,2.56,0.28,0.17,0,1.61,0.11,0.06,0,100,66.67,0.06,0.06,18
Lukas Browning Lagerfeldt,0.04,0,66.67,0.74,0,0,1.22,0.48,0,0.67,0.04,0.67,0.04,0,33.89,79.02,6,55.17,0,0.04,0,0,0.96,0.19,0.3,0,68.18,45.65,0.41,1.44,27
Gregory Sloggett,0,0.04,76.92,0.74,0,0,1.26,0.63,0.04,1.15,0,0.59,0.04,0.04,39,73.6,6.67,46.25,0,0.22,0,0,0.85,0.15,0.22,0,60,53.25,1.41,1.7,27
Dean Williams,0.19,0.06,0,0.44,0,0,0.5,0,0,0,0,0.19,0,0,6.88,69.09,2.38,33.33,0,0,0,0,0.19,0.25,0.06,0,0,43.9,0.63,0.25,16
Kevin Custovic,0.08,0,66.67,0.46,0.04,0,1.13,0.79,0,1.83,0,0.46,0.04,0.04,34.79,70.42,3.38,36.08,0,0.17,0,0,1.08,0.29,0.08,0,46.34,49.22,0.54,0.67,24
Alfie Lewis,0,0,68.75,0.2,0,0,0.84,0.28,0,0.24,0,0.12,0,0.04,23.8,79.33,6.36,66.67,0,0.08,0,0,0.52,0.12,0.04,0,40,46.72,0.68,0.8,25
Danu Kinsella Bishop,0.19,0.13,44.44,1.1,0,0,0.23,0.13,0,0.13,0,0.13,0,0.03,6.29,70.77,1.42,30.77,0,0,0,0,1.16,0.23,0.16,0,19.23,28.7,0.39,0.45,31
Andrew Quinn,0,0,62.5,0.06,0,0,0.81,0.81,0.06,2,0,0.44,0,0,38.31,82.54,2.5,43.18,0,0.19,0,0,0.44,0.31,0.19,0,56.52,55.95,0.69,0.5,16
Thijs Timmermans,0,0,75,0.33,0,0,0.83,0.5,0,0.39,0,0.22,0,0.06,12.89,78.02,2.89,64.71,0,0,0,0,0.44,0.17,0.17,0,33.33,35.29,0.17,1.11,18
Cian Bargary,0.04,0.08,44.19,0.84,0,0,1,0.44,0,0.64,0,0.76,0.08,0.08,16.36,64.79,3.76,34.21,0,0.08,0,0,1.28,0.24,0.12,0,38.3,42.49,0.8,0.56,25
Sami Clarke,0.08,0,71.43,0.42,0,0,0.42,0.17,0,0,0,0.42,0,0,8.75,72.38,2.33,71.43,0,0,0,0,1.08,0.33,0,0,25,42.86,0.17,0,12
Eoin Doyle,0.19,0.14,21.43,1.19,0,0,0.24,0.19,0,0.29,0,0.24,0.05,0,7.48,57.32,1.95,27.27,0,0,0,0,0.67,0.24,0.1,0.05,38.71,29.55,0.33,0.86,21
Aaron McNally,0.09,0,53.85,0.5,0,0,0.91,0.95,0,1.14,0,0.77,0.05,0.09,19.27,65.09,3.23,32.31,0,0.05,0,0,1.09,0.18,0.09,0,57.14,48.91,0.41,0.5,22
Albin Winbo,0,0,0,0.43,0,0,1.14,1.14,0,0.71,0,0.57,0,0,12.43,71.26,2.14,43.75,0,0,0,0,1,0.43,0,0,0,34.48,0.29,1.29,7
Cian Kavanagh,0.07,0.11,0,0.74,0.04,0,0.19,0.04,0,0.19,0,0.15,0,0.04,5.63,57.89,1.44,50,0,0,0,0,0.33,0.04,0.07,0,40.91,43.97,1.04,0.7,27
Rayhaan Tulloch,0.26,0.16,46.34,1.63,0.11,0,0.89,0.11,0.05,0.16,0,0.63,0,0.05,20.89,82.37,7.95,61.11,0,0,0,0,0.74,0,0.21,0.05,0,38.04,1.37,1.26,19
Warren Davis,0.05,0.11,33.33,0.53,0,0,0.42,0.16,0,0.05,0,0.26,0.05,0.05,8.63,70.73,1.74,41.67,0,0,0,0,0.68,0.05,0.16,0,26.32,41.79,0.63,0.53,19
Joshua Honohan,0,0.03,66.67,0.33,0,0,1.3,0.76,0,3.06,0.03,0.18,0.06,0.03,32.91,68.78,2.48,33.49,0,0.18,0,0,1.24,0.36,0.18,0.03,70.13,58.85,0.55,1.06,33
Rhys Bartley,0,0,0,0,0,0,0,0,0,0,0,0,0,0,13,92.31,4,0,0,0,0,0,0,0,0,0,0,0,0,1,1
Bogdan Vastsuk,0,0,40,1.63,0,0,0.38,0.25,0,0.75,0,0,0,0,7.75,58.06,2.13,0,0,0,0,0,0.75,0,0.25,0,27.27,28.57,0,0.75,8
Jaden Umeh,0,0,0,1,0,0,0,0,0,0,0,0,0,0,3,33.33,0,0,0,0,0,0,0,0,0,0,0,0,0,1,1
Evan McLaughlin,0,0,0,0.33,0,0,0.67,0,0,0.33,0,0,0,0,4,75,0.67,100,0,0,0,0,0,0,0,0,0,66.67,0,0,3
Aaron Bolger,0,0.03,50,0.39,0,0,1.71,1.23,0,0.84,0,0.61,0.1,0.1,34.29,72.44,5.71,46.33,0,0.26,0,0,1.06,0.35,0.45,0,30.95,44.41,1.52,1.94,31
John Mahon,0,0,0,0.15,0,0,1.41,1.52,0.07,2.67,0,0.33,0,0,28.89,70.9,1.63,45.79,0,0.11,0,0,0.7,0.19,0.3,0.07,69.77,62.86,0.81,0.96,27
Ethon Varian,0.08,0,60,0.31,0.08,0,0.69,0.62,0.08,0.23,0,0.85,0.23,0.23,9.85,52.34,1.69,23.53,0,0,0,0,1,0.15,0,0,25.93,30.26,0.31,1,13
Tunde Owolabi,0.14,0.14,36.84,1.07,0,0,0.54,0,0,0.04,0,0.11,0,0,5.75,75.16,1.39,92.31,0,0.04,0,0,0.61,0.29,0.14,0,15.63,28.57,0.75,1.64,28
Dara Keane,0,0,55.56,0.68,0,0,1.68,0.56,0,1.92,0,0.96,0.04,0,31.24,60.56,5.44,32.39,0,0.12,0,0,1.92,0.36,0.12,0,48.73,51.88,2.6,0.76,25
Cian Murphy,0.05,0.1,50,0.52,0,0,0.67,0.05,0,0.05,0,0.14,0.05,0.05,6.24,63.36,1.52,60,0,0,0,0,0.81,0.29,0.05,0,35.14,38.14,0.29,0.86,21
Kristopher Twardek,0,0.11,58.82,0.58,0,0,0.42,0.21,0,0.53,0,0.32,0.05,0.11,11.58,61.36,3.53,40.91,0,0.21,0,0,0.53,0.11,0,0,31.03,34.34,0.37,0.79,19
Colin Bolton,0,0,0,0.4,0,0,1.6,0.2,0,0,0,0,0,0,9,55.56,1,0,0,0,0,0,1.4,0,0,0,42.86,50,0.2,0.6,5
Jack Keaney,0,0,83.33,0.62,0,0,1.03,1.26,0,4.29,0,0.47,0,0,44.15,68.89,3.56,40.78,0,0.09,0,0,2.24,0.32,0.21,0.03,62.77,60.73,1.06,0.76,34
Adam Verdon,0,0,60,0.71,0,0,1.43,1.14,0.07,0.71,0,1.07,0,0,33.07,73.22,6,31.34,0,0,0,0,2.07,0.36,0.43,0,60,47.62,0.79,1.14,14
Daniel Krezić,0.06,0.06,55.56,0.72,0,0,0.17,0.06,0,0.11,0,0.44,0,0,8.83,66.04,2.39,47.37,0,0,0,0,0.67,0.17,0.11,0,56.52,38.24,0.28,0.67,18
Jaze Kabia,0,0,50,0.56,0,0,0.44,0.11,0,0,0,0.22,0,0,9.44,67.06,2.67,50,0,0,0,0,0.56,0.44,0.22,0,25,34,1.11,2.22,9
Evan Weir,0.04,0.08,50,0.5,0.04,0,0.92,1.29,0,1.63,0,0.67,0,0,30.96,62.72,6.5,35.71,0,0.33,0,0,1.13,0.08,0.21,0.04,59.38,46.83,0.5,0.92,24
Dylan Connolly,0,0.07,34.62,0.68,0,0,0.61,0.39,0,0.04,0,0.46,0.14,0.11,14.89,74.82,5.25,68.75,0,0.04,0,0,0.79,0.11,0.25,0.04,42.31,46.12,2.07,1.11,28
Tom Grivosti,0,0,100,0.38,0,0,0.75,0.63,0.13,2.13,0,0.13,0,0,38.5,77.6,3.5,44.26,0,0.13,0,0,0.88,0,0.25,0,45,41.46,0,1.13,8
Oliver O'Neill,0.05,0.05,15,1.37,0,0,1.32,0.32,0.05,0.11,0,0.32,0.05,0,14.79,67.26,5.16,35,0,0.05,0,0,0.42,0.05,0.11,0,32.14,35.56,0.58,1.68,19
Luke Heeney,0,0.04,46.15,0.29,0,0,1.89,1.07,0,1.25,0,0.96,0.04,0.07,22.54,60.54,3.39,32.58,0,0.21,0,0,1.07,0.11,0.32,0.04,46.43,53.51,0.96,0.89,28
David Toure,0,0,100,0,0,0,1.33,0.33,0,1.33,0,1,0,0,14.33,65.12,2.67,28.57,0,0,0,0,0,0.33,0,0,100,63.64,0.33,0.33,3
Kameron Ledwidge,0,0,14.29,0.16,0,0,0.44,0.32,0,0.92,0,0.08,0,0,22.52,76.02,2.96,40.2,0,0.12,0,0,0.32,0.04,0.08,0,66.67,51.56,0.28,0.36,25
Dylan Grimes,0.11,0.11,50,0.74,0,0,0.63,0.26,0,0.16,0,0.26,0.11,0,15.47,74.83,4.32,33.33,0,0.05,0,0,0.74,0.11,0.11,0,31.82,35.8,0.42,0.68,19
Gbemi Arubi,0,0,0,0.13,0,0,0.25,0,0,0,0,0,0,0,3,83.33,1,0,0,0,0,0,0,0,0,0,66.67,55.56,0.13,0.13,8
Kian Moore,0,0,0,0,0,0,0,0,0.09,0.65,0,0,0,0,36.09,41.57,1.65,26.43,3.87,0.13,0.26,0,2.26,0.35,0.09,0,0,77.78,0.3,0.09,23
Jake Doyle,0.1,0,57.14,0.52,0.03,0,0.45,0.07,0,0,0,0.17,0.03,0.03,6.14,68.54,1.72,50,0,0,0,0,1.48,0.07,0.1,0,22.92,36.23,0.62,0.62,29
Eanna Clancy,0.06,0.06,66.67,0.53,0,0,0.76,0.47,0.06,4.47,0.06,0.29,0,0,37.53,72.57,3.65,40.31,0,0.06,0,0,1.47,0.24,0.41,0,51.22,51.61,0.71,0.82,17
Ryan McLaughlin,0,0,0,0,0,0,1,0,0,1.5,0,0,0,0,37,86.49,14,33.33,0,0.5,0,0,1,0,0,0,44.44,42.86,0,2,2
Ally Gilchrist,0,0.1,100,0.43,0,0,1.14,1.62,0,2.52,0,0.43,0,0.05,35.24,68.11,2.1,30.72,0,0.14,0,0,1.33,0.33,0.1,0.05,63.89,59.33,0.67,1.19,21
David Cawley,0,0.04,60,0.61,0,0,0.91,0.52,0,0.22,0,0.48,0,0,18.3,78.38,3.91,43.48,0,0.13,0,0,0.57,0.13,0.26,0,46.67,36.19,0.3,1.7,23
Darren Brownlie,0,0.14,0,0.14,0,0,0.57,0.29,0,3.43,0,0.57,0,0,49.71,79.31,3.71,48.39,0,0.14,0,0,0.71,0,0.29,0,50,37.5,0.14,0.71,7
Axel Sjoberg,0,0,90,0,0,0,0.57,0.71,0,1,0,0.57,0,0,19.71,63.77,2.57,38.71,0,0,0,0,0.43,0,0.29,0,55.56,48.84,0.43,1.29,7
Brian McManus,0,0,33.33,0.18,0,0,0.82,0.35,0,0.12,0,0.35,0,0,5.82,72.73,1.29,50,0,0,0,0,0.18,0.12,0.12,0,50,46.94,0.18,0.41,17
Michael Leddy,0,0,0,0.21,0,0,0,0,0,0.14,0,0.14,0,0,2.86,57.5,0.36,0,0,0,0,0,0.36,0.07,0.07,0,44.44,29.41,0.07,0.07,14
Matthew O'Brien,0,0,66.67,0.78,0,0,1.22,0.33,0,0.89,0,0.67,0,0,24.78,73.99,4.89,31.03,0,0.33,0,0,1.33,0.11,0.11,0,36.36,50,1,0.56,9
Ryan Bowden,0,0,100,0.33,0,0,0.17,0.67,0,3.17,0,0.5,0,0,10.5,65.08,0.5,14.29,0,0,0,0,0.83,0,0,0,75,60,0.67,0.33,6
Joshua Fitzpatrick,0,0,100,0,0,0,0,0,0,0,0,0,0,0,4.67,57.14,0.33,0,0,0,0,0,0,0,0,0,0,33.33,0,0.33,3
Luke O'Regan,0,0,42.86,0,0,0,1.57,0.86,0,1.29,0,0.57,0,0,19.36,74.54,2.21,28.13,0,0.07,0,0,1.86,0.14,0,0,75,66.67,0.79,0.14,14
Matthew Alonge,0.2,0,0,0.4,0,0,0.2,0.2,0,0.2,0,0.2,0,0,3,73.33,0.6,0,0,0,0,0,1,0,0.2,0,50,30,0.2,0.4,5
Frank Liivak,0,0.06,46,1.03,0,0,0.91,0.48,0,0.24,0,0.61,0.03,0.06,17.36,71.73,4.64,44.74,0,0.06,0,0,0.94,0.12,0.12,0,41.67,38.71,0.64,1.24,33
Adam Wells,0.06,0,68.75,0.23,0,0,1.23,1.23,0,2.9,0,0.68,0.06,0.03,36.94,70.39,4.19,36.05,0,0.03,0,0,2.16,0.29,0.19,0.03,48.08,53.89,0.52,0.48,31
Grant Horton,0.05,0,66.67,0.5,0.05,0,0.8,1,0,1.85,0,0.1,0.1,0.05,36.5,68.22,5.15,37.84,0,0.25,0,0,0.65,0.3,0.1,0.05,58.33,60.18,1.2,0.55,20
Sean Brennan,0,0,36.84,1.23,0,0,1.92,0.23,0,1,0,0.77,0.08,0.08,29.08,79.37,5.62,31.03,0,0.08,0,0,2.08,0.31,0.23,0,25,45.53,1.77,1.46,13
Jarlath Jones,0,0,50,0.29,0,0,1.71,0.86,0.14,2.43,0,0.29,0,0,24,60.71,3.71,22.5,0,0.14,0,0,1.57,0,0,0,11.11,52.94,0.43,0.57,7
Serge Atakayi,0,0.1,66.67,0.3,0,0,0.1,0.2,0,0.1,0,0.1,0,0,5.6,75,1.8,0,0,0,0,0,0.5,0,0,0,100,42.86,0.2,0.2,10
Gordon Walker,0,0.05,77.78,0.3,0,0,0.6,0.35,0,0.75,0,0.2,0,0,15.9,63.21,1.3,25.81,0,0.05,0,0,0.7,0.2,0.15,0,38.89,60.56,0.85,0.55,20
Oliver Byrne,0,0,0,0.1,0,0,0,0,0,1.3,0,0,0,0,39.9,40.1,4.4,30.03,2.5,0.2,0.1,0,1.6,0.4,0.1,0,0,100,0.1,0,10
Mikey Raggett,0.1,0.1,40,1,0,0,0.4,0,0,0.2,0,0.4,0.1,0.1,10.6,68.87,2.3,25,0,0,0,0,1.3,0.2,0.1,0,4.35,21.88,0.7,0.9,10
Callum McKay,0,0,0,0,0,0,0,0,0,0,0,1,0,0,19,100,3,100,0,0,0,0,0,0,0,0,0,0,0,1,1
Sean Patton,0,0,0,0,0,0,0,1,0,0,0,0,0,0,5,60,1,0,0,0,0,0,1,0,0,0,0,50,1,1,1
Daniel McCarthy,0,0,0,0,0,0,0,0,0,1,0,0,0,0,2,100,2,0,0,0,0,0,0,0,0,0,0,0,0,0,1
Kyle Donoghue,0,0,0,0,0,0,0,0.5,0,0.5,0,0,0,0,2,100,0,0,0,0,0,0,0.5,0,0,0,0,0,0,0,2
Harry Curtis,0,0,100,0,0,0,0.33,0,0,1,0,0.33,0,0,13.83,62.65,1,35.71,0,0,0,0,0.33,0,0.17,0,60,50,0.33,0.67,6
Senan Mullen,0,0,0,0.25,0,0,1.75,0,0,0.25,0,1,0,0,13,76.92,2,44.44,0,0,0,0,0,0,0.25,0,50,43.48,0.25,1,4
Donal Higgins,0,0,75,0.61,0,0,1.04,0.43,0.04,0.39,0,0.48,0,0,16.35,70.21,2.7,37.5,0,0.09,0,0,1.13,0.09,0.26,0,33.33,45.54,0.39,0.74,23
John O'Donovan,0,0,42.86,0.2,0,0,0.73,0.33,0,0.87,0,0.27,0.2,0.13,16.73,66.93,2.07,26.32,0,0.07,0,0,0.6,0.27,0.13,0.07,50,43.1,0.2,0.53,15
Robbie Burton,0,0,50,0.43,0,0,1.29,0.43,0,0.14,0,0.14,0,0,18.71,80.15,6.29,40,0,0,0,0,0.71,0,0.43,0.14,50,37.78,0.86,2.57,7
Divine Izekor,0,0,85.71,0.6,0,0,0.1,0.1,0,0.1,0,0.4,0,0,3.3,57.58,0.7,0,0,0,0,0,0.2,0.1,0,0,33.33,44,0.2,0.3,10
Daniel Norris,0,0,36,0.47,0,0,0.97,0.47,0,0.38,0,0.56,0.09,0.06,11.53,58.54,1.97,28.95,0,0,0,0,1.75,0.25,0.06,0,37.88,42.99,0.88,0.59,32
Harry O'Connor,0,0,66.67,0.08,0,0,0.31,0.15,0,0.08,0,0.31,0,0,6.31,75.61,1.31,25,0,0,0,0,0.31,0.15,0.08,0,66.67,50,0.38,0.31,13
Harry Brockbank,0,0,0,0.17,0,0,0.33,0.17,0,0.83,0,0.5,0,0,20.33,63.93,2.5,24,0,0,0,0,0.17,0,0,0,40,38.89,0.5,0.67,6
Brendan Barr,0,0,54.17,0.28,0,0,0.79,0.45,0.03,0.59,0,0.31,0.03,0,21.79,77.53,3.41,50,0,0.07,0,0,1.72,0.24,0.1,0,34.62,50.33,1.07,1,29
Conor Walsh,0,0,0,0,0,0,0,0,0.2,0.8,0.2,0,0,0,30.2,49.01,1.4,22.68,3.4,0,0.4,0,1.8,0.4,0,0,0,50,0.2,0.2,5
Harvey O'Brien,0,0.11,25,0.32,0,0,0.32,1.11,0.05,3.37,0,0.16,0,0,20.16,57.18,1.89,26.77,0,0.05,0,0,1.63,0.26,0.16,0,75,58.75,0.74,0.74,19
Toby Oluwayemi,0,0,0,0,0,0,0.5,0,0,1,0,0,0,0,24,37.5,1.5,23.08,2.5,0,0,0,1,1,0,0,0,100,0,0,2
Anthony Dodd,0,0,0,0,0,0,0,0,0,0,0,0,0,0,2,100,1,0,0,0,0,0,0,1,0,0,0,0,0,0,1
Karl O'Sullivan,0,0,30.77,0.14,0,0,0.57,0.43,0,0.14,0,0.07,0,0,14.79,69.57,3.79,33.33,0,0.14,0,0,0.57,0.14,0.14,0,27.27,32.81,0.43,0.5,14
Alex Nolan,0.03,0.03,39.39,0.62,0,0,0.62,0.31,0.07,0.14,0,0.52,0.03,0.03,10.55,68.3,2.1,25,0,0,0,0,1.28,0.28,0.17,0,16,31.69,0.66,0.62,29
Michael Gallagher,0.05,0,50,0.27,0,0,0.82,1.27,0,1.82,0,0.91,0,0.05,26.36,72.41,4.05,35.21,0,0,0,0,1.73,0.23,0.14,0,34.21,42.03,0.73,0.77,22
David Odumosu,0,0,0,0,0,0,0,0,0,0.4,0.2,0,0,0,25,61.6,1,39.47,2.6,0.2,0,0,2,0,0.2,0,0,0,0,0,5
Malik Dijksteel,0,0.13,55.56,0.75,0,0,1.25,0.38,0,0.38,0,0.63,0.25,0,14.63,72.65,3.88,16.67,0,0,0,0,1.13,0.25,0,0.13,40,43.28,0.88,1.5,8
Nickson Okosun,0,0.5,0,0.5,0,0,0,0,0,0,0,0,0,0,3,66.67,1.5,0,0,0,0,0,0,0,0,0,0,0,0,0,2
Owen Elding,0,0,0,0,0,0,0,0,0,0,0,0,0,0,2.6,76.92,0.6,0,0,0,0,0,0.6,0.2,0,0,0,0,0,0,5
Conor Drinan,0,0,44.44,0.5,0,0,0.92,1.83,0.08,1.75,0,0.5,0,0,29.25,62.39,2.33,31.88,0,0.08,0,0,1.5,0.33,0.25,0,50,46.67,0.92,0.75,12
Luke Slater,0,0,0,0.2,0,0,0,0,0,0,0,0,0,0,5.8,62.07,1.4,33.33,0,0,0,0,0.6,0,0,0,40,16.67,0,0,5
Jesse Dempsey,0,0,33.33,0.19,0,0,1.43,0.95,0.05,1.62,0,0.67,0,0,23.05,63.43,3.1,22.58,0,0.1,0,0,1.52,0.33,0.14,0,33.33,46.77,0.81,1,21
Andrew Baker,0,0,0,0,0,0,1,0,0,0,0,0,0,0,9,44.44,2,20,0,0,0,0,0,0,0,0,0,25,0,2,1
Lorcan Healy,0,0,0,0,0,0,0,0,0,1.08,0.15,0.15,0,0,27.77,40.44,1.62,25.53,3,0,0.31,0.08,2.46,0.31,0,0,85.71,70,0.31,0,13
Evan Osam,0,0,57.14,0,0,0,0.77,0.69,0,1.88,0,0.35,0,0,24.96,75.35,2.85,26.51,0,0,0,0,2.12,0.19,0.04,0,41.38,54.35,0.54,0.38,26
Sam Bailey,0,0,0,0,0,0,0.5,0,0,0,0,0,0,0,10,75,0,33.33,0,0,0,0,1,0.5,0,0,0,100,0,0,2
Emre Topçu,0,0,33.33,0.2,0,0,0.4,0,0,0,0,0.8,0,0,8.4,61.9,1,0,0,0,0,0,1,0,0.2,0,75,29.17,0.2,1,5
James Finnerty,0,0,0,0,0,0,0,0,0,0.5,0,0.5,0,0,25,56,1.5,30.77,0,0,0,0,0,0.5,0,0,83.33,70,1,0,2
Daniel Babb,0,0,60,0.1,0,0,1,1.4,0,1,0,0.3,0,0,19.8,68.69,2.5,20,0,0,0,0,2.2,0.1,0,0,58.33,52.08,0.2,0.2,10
Daniel Moynihan,0,0,0,0,0,0,0,0,0,0.5,0,0,0,0,29,37.93,1,28,1.5,0,0,0,2.5,1,0.5,0,0,0,0,0.5,2
Harry Fisk,0,0,0,0,0,0,0,0,0,0,1,0,0,0,27,55.56,0,15.38,1,0,0,0,1,1,0,0,0,0,0,0,1
Christian Lotefa,0,0,0,1,0,0,0,0,0,0,0,0,0,0,0,0,0,0,0,0,0,0,0,0,0,0,0,0,0,0,1
Conor Campbell,0,0,0,0,0,0,0,0,0,0,0,0,0,0,0,0,0,0,0,0,0,0,1,0,0,0,0,0,0,0,1
Luke O'Donnell,0,0,0,0,0,0,0,0,0,0,0,0,0,0,0,0,0,0,0,0,0,0,0,0,0,0,0,0,0,0,1
Conor Reynolds,0,0,0,0,0,0,1,0,0,0,0,0,0,0,3,100,2,0,0,0,0,0,0,0,0,0,0,100,0,0,1
Callum Warren,0,0,0,0,0,0,0,0,0,0,0,0,0,0,0,0,0,0,0,0,0,0,0,0,0,0,0,0,0,0,1
